{
  "DEL_CVP_PAG_N": [
    26.54089666666667, 490.70107158333343, 480.75046199999997, 0.0,
    468.9617508333333, 199.5198665, 489.89867966666674, 481.6847633333334, 0.0,
    120.97622208333335, 0.0, 0.0, 0.0, 0.0, 180.30283060833335, 316.29179825,
    316.83403416666664, 483.4566109, 329.81390833333336, 487.17027625,
    461.43429475, 482.1430833333333, 483.63599412499997, 207.81874266666668,
    453.9334891583333, 490.4804715833333, 422.7423296, 436.1324621666667,
    433.7844246, 361.6409625833333, 484.7514305833334, 489.5871041666666,
    488.4329391666666, 489.6914116666667, 455.19454633333334, 490.0523268333333,
    476.7778382083334, 468.43751208333333, 485.5361188333334, 244.1499304833333,
    444.1810591666667, 483.67302166666667, 472.9301945833334, 312.4230875,
    473.8236858333334, 490.5980725, 466.7899811, 448.7265694833333,
    489.7991575083333, 400.1564136333334, 490.22321202500007,
    440.74410320833334, 488.2565359999999, 489.3695789583333,
    484.15396029999994, 150.13043305, 0.71402925, 488.86027000000007,
    482.79008058333335, 482.96865791666664, 485.8787025, 456.29388666666665,
    470.3546516666667, 485.9276427500001, 453.37263583333333, 274.92257075,
    286.98769918333335, 108.79428633333333, 281.8710843, 43.742478866666666,
    0.11097172500000001, 66.48312043833333, 484.7076083333333,
    308.92389633333335, 486.2882788333334, 476.31413649999996,
    480.2372991666666, 440.2352195833333, 489.7679016666666, 475.3977978916668,
    241.44484506666663, 488.4416048333333, 613.6564777777778
  ],
  "DEL_CVP_PRF_S": [
    691.6617766666667, 387.6919421666667, 387.6919421666667, 295.6181188333333,
    382.5381216666667, 387.6919421666667, 387.6919421666667, 385.3365983333333,
    387.6919421666667, 387.6919421666667, 295.922771, 290.54046175, 290.7689505,
    290.7689505, 382.5381216666667, 387.38729000000006, 387.6919421666667,
    387.6919421666667, 383.2639863333334, 385.3365983333333, 387.6919421666667,
    387.6919421666667, 387.6919421666667, 387.38729000000006, 387.6919421666667,
    387.6919421666667, 387.6919421666667, 387.38729000000006, 387.6919421666667,
    387.6919421666667, 387.6919421666667, 387.38729000000006, 387.6919421666667,
    387.6919421666667, 387.6919421666667, 387.38729000000006, 387.6919421666667,
    387.6919421666667, 383.2639863333334, 387.38729000000006, 387.6919421666667,
    387.6919421666667, 387.6919421666667, 387.38729000000006, 387.6919421666667,
    383.2639863333334, 387.6919421666667, 387.38729000000006, 387.6919421666667,
    385.6412505, 387.6919421666667, 387.38729000000006, 387.6919421666667,
    387.6919421666667, 387.6919421666667, 387.38729000000006, 295.922771,
    382.5381216666667, 387.6919421666667, 387.38729000000006, 387.6919421666667,
    387.6919421666667, 387.6919421666667, 387.38729000000006, 387.6919421666667,
    387.6919421666667, 387.6919421666667, 387.38729000000006, 387.6919421666667,
    387.6919421666667, 295.922771, 290.54046175, 382.5381216666667, 295.922771,
    382.5381216666667, 387.38729000000006, 385.6412505, 387.6919421666667,
    387.6919421666667, 387.38729000000006, 387.6919421666667, 387.6919421666667,
    286.368664
  ]
}
